633638,2023-02-27 13:40:47,32e0834,RunCFR.sbatch,COMPLETED,Run CFPS repeatability run,none,none,[],False
633718,2023-02-27 14:57:47,94f2b63,RunCFR.sbatch,COMPLETED,10000 iterations of blind action,none,none,[],False
633719,2023-02-27 14:59:04,94f2b63,RunCFR.sbatch,COMPLETED,10000 iterations of informed action,none,none,[],False
633720,2023-02-27 14:59:58,94f2b63,RunCFR.sbatch,COMPLETED,10000 iterations of informed CF,none,none,[],False
633721,2023-02-27 15:00:38,94f2b63,RunCFR.sbatch,COMPLETED,10000 iterations of informed CFPS,none,none,[],False
633722,2023-02-27 15:01:48,94f2b63,RunCFR.sbatch,COMPLETED,10000 iterations of BPS,none,none,[],False
633723,2023-02-27 15:02:47,94f2b63,RunCFR.sbatch,COMPLETED,10000 iterations of blind CF,none,none,[],False
638495,2023-03-04 19:54:44,915f058,RunCFR.sbatch,COMPLETED,"Blind CF2 10,000 return blind CF True",none,none,[],False
638496,2023-03-04 19:56:04,915f058,RunCFR.sbatch,COMPLETED,"Blind CF3 1,000 return blind CF True",none,none,[],False
638510,2023-03-04 20:32:43,915f058,RunCFR.sbatch,COMPLETED,"Blind CF4 1,000 return blind CF False",none,none,[],False
659753,2023-03-17 12:24:07,adf0512,RunCFR.sbatch,COMPLETED,3000 CSPS Test,none,none,[],False
659758,2023-03-17 12:28:57,adf0512,RunCFR.sbatch,COMPLETED,3000 TIPS Test,none,none,[],False
666583,2023-03-20 13:38:08,adf0512,RunCFR.sbatch,COMPLETED,CSPS test 3000,none,none,[],False
666593,2023-03-20 13:39:13,adf0512,RunCFR.sbatch,COMPLETED,CSPS 10000,none,none,[],False
666614,2023-03-20 13:43:36,adf0512,RunCFR.sbatch,COMPLETED,TIPS 6000,none,none,[],False
666617,2023-03-20 13:43:53,adf0512,RunCFR.sbatch,COMPLETED,TIPS 10000,none,none,[],False
668711,2023-03-20 19:10:07,35a06d7,RunCFR.sbatch,COMPLETED,BHV test,none,none,[],False
680941,2023-03-25 11:24:16,bb06942,RunCFR.sbatch,RUNNING,"TIPS deviation type 10,000 iterations",none,none,[],False
680942,2023-03-25 11:24:50,bb06942,RunCFR.sbatch,RUNNING,"CSPS deviation type 10,000 iterations",none,none,[],False
