EFR Strategy,Opponent Strategy,EFR PLayer,Expected Game Value
Blind_Action,Random,0,1.3290756965729609
Blind_Action,Random,1,1.831102079439424
Blind_CF,Random,0,0.5968843884928716
Blind_CF,Random,1,0.8841006658438677
Blind_PS,Random,0,0.5937530326812757
Blind_PS,Random,1,0.8461381458319412
Informed_Action,Random,0,1.3418702120658008
Informed_Action,Random,1,1.8833524577024485
Informed_CF,Random,0,0.5982451975922916
Informed_CF,Random,1,0.8791184357604516
Informed_CFPS,Random,0,0.6050202887117876
Informed_CFPS,Random,1,0.8675129680970775
CSPS,Random,0,0.5939442987819405
CSPS,Random,1,0.8447752933086382
TIPS,Random,0,0.600259854215806
TIPS,Random,1,0.8712642132474117
Blind_Action,MCCFR_low,0,0.0002349383550711015
Blind_Action,MCCFR_low,1,-0.0002349383550711015
Blind_CF,MCCFR_low,0,0.13131776121477262
Blind_CF,MCCFR_low,1,0.5759500515030536
Blind_PS,MCCFR_low,0,0.13297951119138385
Blind_PS,MCCFR_low,1,0.3874306196809263
Informed_Action,MCCFR_low,0,-0.00014249180170425313
Informed_Action,MCCFR_low,1,-0.0005371481578922699
Informed_CF,MCCFR_low,0,0.1410565865018682
Informed_CF,MCCFR_low,1,0.4306988815816063
Informed_CFPS,MCCFR_low,0,0.15261610810101656
Informed_CFPS,MCCFR_low,1,0.31488660589433526
CSPS,MCCFR_low,0,0.14812543565761566
CSPS,MCCFR_low,1,0.3117582470753355
TIPS,MCCFR_low,0,0.15250700166645237
TIPS,MCCFR_low,1,0.3251142636668685
Blind_Action,MCCFR_med,0,-0.5759500515030536
Blind_Action,MCCFR_med,1,-0.13131776121477262
Blind_CF,MCCFR_med,0,-0.08723039249928843
Blind_CF,MCCFR_med,1,0.08723039249928843
Blind_PS,MCCFR_med,0,-0.08711869223180263
Blind_PS,MCCFR_med,1,0.08723425171095309
Informed_Action,MCCFR_med,0,-0.5561826017956706
Informed_Action,MCCFR_med,1,-0.0880473128907231
Informed_CF,MCCFR_med,0,-0.0873230125866436
Informed_CF,MCCFR_med,1,0.08709200394602301
Informed_CFPS,MCCFR_med,0,-0.08701880249403454
Informed_CFPS,MCCFR_med,1,0.08686635409544805
CSPS,MCCFR_med,0,-0.08663195689115041
CSPS,MCCFR_med,1,0.08715375433509673
TIPS,MCCFR_med,0,-0.08721209024038934
TIPS,MCCFR_med,1,0.08722495879707659
Blind_Action,MCCFR_high,0,-0.3874306196809263
Blind_Action,MCCFR_high,1,-0.13297951119138385
Blind_CF,MCCFR_high,0,-0.08723425171095309
Blind_CF,MCCFR_high,1,0.08711869223180263
Blind_PS,MCCFR_high,0,-0.08700894816183913
Blind_PS,MCCFR_high,1,0.08700894816183913
Informed_Action,MCCFR_high,0,-0.37747818029395674
Informed_Action,MCCFR_high,1,-0.09625491787410484
Informed_CF,MCCFR_high,0,-0.08724314657976853
Informed_CF,MCCFR_high,1,0.08698257542228
Informed_CFPS,MCCFR_high,0,-0.0869771629693275
Informed_CFPS,MCCFR_high,1,0.08676956976493785
CSPS,MCCFR_high,0,-0.08658859074877046
CSPS,MCCFR_high,1,0.08713000853478808
TIPS,MCCFR_high,0,-0.0873465220676628
TIPS,MCCFR_high,1,0.08702127858193884
Blind_Action,MCCFR_higher,0,0.0005371481578922699
Blind_Action,MCCFR_higher,1,0.00014249180170425313
Blind_CF,MCCFR_higher,0,0.0880473128907231
Blind_CF,MCCFR_higher,1,0.5561826017956706
Blind_PS,MCCFR_higher,0,0.09625491787410484
Blind_PS,MCCFR_higher,1,0.37747818029395674
Informed_Action,MCCFR_higher,0,0.00015998776434683615
Informed_Action,MCCFR_higher,1,-0.00015998776434683615
Informed_CF,MCCFR_higher,0,0.10513798026193188
Informed_CF,MCCFR_higher,1,0.4208622805069562
Informed_CFPS,MCCFR_higher,0,0.11611081297201697
Informed_CFPS,MCCFR_higher,1,0.3059261892669721
CSPS,MCCFR_higher,0,0.11337481739425315
CSPS,MCCFR_higher,1,0.29685832967374115
TIPS,MCCFR_higher,0,0.11876984133031404
TIPS,MCCFR_higher,1,0.3125516606937635
Blind_Action,Blind_Action,0,-0.4306988815816063
Blind_Action,Blind_Action,1,-0.1410565865018682
Blind_CF,Blind_Action,0,-0.08709200394602301
Blind_CF,Blind_Action,1,0.0873230125866436
Blind_PS,Blind_Action,0,-0.08698257542228
Blind_PS,Blind_Action,1,0.08724314657976853
Informed_Action,Blind_Action,0,-0.4208622805069562
Informed_Action,Blind_Action,1,-0.10513798026193188
Informed_CF,Blind_Action,0,-0.08724574045953348
Informed_CF,Blind_Action,1,0.08724574045953348
Informed_CFPS,Blind_Action,0,-0.08668550047113263
Informed_CFPS,Blind_Action,1,0.08698512014649268
CSPS,Blind_Action,0,-0.08629980554946085
CSPS,Blind_Action,1,0.08739729816642777
TIPS,Blind_Action,0,-0.08723410532827258
TIPS,Blind_Action,1,0.08725127638260932
Blind_Action,Blind_CF,0,-0.31488660589433526
Blind_Action,Blind_CF,1,-0.15261610810101656
Blind_CF,Blind_CF,0,-0.08686635409544805
Blind_CF,Blind_CF,1,0.08701880249403454
Blind_PS,Blind_CF,0,-0.08676956976493785
Blind_PS,Blind_CF,1,0.0869771629693275
Informed_Action,Blind_CF,0,-0.3059261892669721
Informed_Action,Blind_CF,1,-0.11611081297201697
Informed_CF,Blind_CF,0,-0.08698512014649268
Informed_CF,Blind_CF,1,0.08668550047113263
Informed_CFPS,Blind_CF,0,-0.08664206278760586
Informed_CFPS,Blind_CF,1,0.08664206278760586
CSPS,Blind_CF,0,-0.08631395746915552
CSPS,Blind_CF,1,0.08702547835744642
TIPS,Blind_CF,0,-0.08695357308843266
TIPS,Blind_CF,1,0.08683692839258034
Blind_Action,Blind_PS,0,-0.3117582470753355
Blind_Action,Blind_PS,1,-0.14812543565761566
Blind_CF,Blind_PS,0,-0.08715375433509673
Blind_CF,Blind_PS,1,0.08663195689115041
Blind_PS,Blind_PS,0,-0.08713000853478808
Blind_PS,Blind_PS,1,0.08658859074877046
Informed_Action,Blind_PS,0,-0.29685832967374115
Informed_Action,Blind_PS,1,-0.11337481739425315
Informed_CF,Blind_PS,0,-0.08739729816642777
Informed_CF,Blind_PS,1,0.08629980554946085
Informed_CFPS,Blind_PS,0,-0.08702547835744642
Informed_CFPS,Blind_PS,1,0.08631395746915552
CSPS,Blind_PS,0,-0.0867033214507012
CSPS,Blind_PS,1,0.0867033214507012
TIPS,Blind_PS,0,-0.08733799954638827
TIPS,Blind_PS,1,0.08641389426715806
Blind_Action,Informed_Action,0,-0.3251142636668685
Blind_Action,Informed_Action,1,-0.15250700166645237
Blind_CF,Informed_Action,0,-0.08722495879707659
Blind_CF,Informed_Action,1,0.08721209024038934
Blind_PS,Informed_Action,0,-0.08702127858193884
Blind_PS,Informed_Action,1,0.0873465220676628
Informed_Action,Informed_Action,0,-0.3125516606937635
Informed_Action,Informed_Action,1,-0.11876984133031404
Informed_CF,Informed_Action,0,-0.08725127638260932
Informed_CF,Informed_Action,1,0.08723410532827258
Informed_CFPS,Informed_Action,0,-0.08683692839258034
Informed_CFPS,Informed_Action,1,0.08695357308843266
CSPS,Informed_Action,0,-0.08641389426715806
CSPS,Informed_Action,1,0.08733799954638827
TIPS,Informed_Action,0,-0.08706841805490606
TIPS,Informed_Action,1,0.08706841805490606
